ID_Cliente,Recencia,Frequencia,Monetario,R_Score,F_Score,M_Score,RFM_Score,Segmento
1,116,13,3703.0499999999997,2,5,5,4.0,At Risk
2,5,17,5294.3,5,5,5,5.0,Champion
3,12,19,3394.02,5,5,5,5.0,Champion
4,3,25,5901.8,5,5,5,5.0,Champion
5,32,13,4159.63,4,5,5,4.666666666666667,Champion
6,9,19,4686.07,5,5,5,5.0,Champion
7,72,15,3668.91,3,5,5,4.333333333333333,Loyal
8,23,20,6938.45,4,5,5,4.666666666666667,Champion
9,5,18,3975.46,5,5,5,5.0,Champion
10,4,13,2784.19,5,5,5,5.0,Champion
11,27,16,3610.74,4,5,5,4.666666666666667,Champion
12,1,29,6614.81,5,5,5,5.0,Champion
13,51,15,4743.33,3,5,5,4.333333333333333,Loyal
14,23,13,2313.7,4,5,4,4.333333333333333,Champion
15,3,25,4426.099999999999,5,5,5,5.0,Champion
16,36,15,3626.17,4,5,5,4.666666666666667,Champion
17,21,22,6553.2,4,5,5,4.666666666666667,Champion
18,82,20,3535.1,3,5,5,4.333333333333333,Loyal
19,21,15,7173.82,4,5,5,4.666666666666667,Champion
20,47,30,6598.79,4,5,5,4.666666666666667,Champion
21,5,20,5188.59,5,5,5,5.0,Champion
22,10,15,2882.92,5,5,5,5.0,Champion
23,4,18,4517.52,5,5,5,5.0,Champion
24,7,20,3921.89,5,5,5,5.0,Champion
25,11,20,5766.95,5,5,5,5.0,Champion
26,27,18,4538.09,4,5,5,4.666666666666667,Champion
27,7,15,2197.92,5,5,4,4.666666666666667,Champion
28,39,15,3150.8,4,5,5,4.666666666666667,Champion
29,35,12,3042.79,4,5,5,4.666666666666667,Champion
30,33,14,3355.53,4,5,5,4.666666666666667,Champion
31,1,18,4246.18,5,5,5,5.0,Champion
32,59,10,1480.07,3,4,3,3.3333333333333335,Loyal
33,13,13,2504.0299999999997,5,5,4,4.666666666666667,Champion
34,16,13,2374.06,5,5,4,4.666666666666667,Champion
35,28,18,3240.74,4,5,5,4.666666666666667,Champion
36,70,22,4387.02,3,5,5,4.333333333333333,Loyal
37,12,12,2472.45,5,5,4,4.666666666666667,Champion
38,3,15,5707.54,5,5,5,5.0,Champion
39,61,19,5186.71,3,5,5,4.333333333333333,Loyal
40,62,18,5339.4400000000005,3,5,5,4.333333333333333,Loyal
41,2,15,3521.04,5,5,5,5.0,Champion
42,39,19,4794.68,4,5,5,4.666666666666667,Champion
43,13,20,3275.98,5,5,5,5.0,Champion
44,169,6,2411.63,2,3,4,3.0,At Risk
45,25,11,1793.06,4,4,4,4.0,Champion
46,9,17,4050.75,5,5,5,5.0,Champion
47,1,13,2573.12,5,5,4,4.666666666666667,Champion
48,149,13,2577.3,2,5,4,3.6666666666666665,At Risk
49,79,21,5370.37,3,5,5,4.333333333333333,Loyal
50,47,15,2972.79,4,5,5,4.666666666666667,Champion
51,35,21,5692.57,4,5,5,4.666666666666667,Champion
52,18,16,4515.55,5,5,5,5.0,Champion
53,6,11,1598.44,5,4,4,4.333333333333333,Champion
54,3,12,3535.5699999999997,5,5,5,5.0,Champion
55,52,15,4123.4800000000005,3,5,5,4.333333333333333,Loyal
56,29,19,6275.41,4,5,5,4.666666666666667,Champion
57,157,20,5865.03,2,5,5,4.0,At Risk
58,26,16,2624.06,4,5,4,4.333333333333333,Champion
59,25,9,2433.29,4,4,4,4.0,Champion
60,36,10,3544.9100000000003,4,4,5,4.333333333333333,Champion
61,30,20,4980.37,4,5,5,4.666666666666667,Champion
62,86,11,1619.27,3,4,4,3.6666666666666665,Loyal
63,88,14,3740.12,3,5,5,4.333333333333333,Loyal
64,54,19,4111.09,3,5,5,4.333333333333333,Loyal
65,35,11,3957.69,4,4,5,4.333333333333333,Champion
66,85,13,4583.43,3,5,5,4.333333333333333,Loyal
67,30,11,2988.43,4,4,5,4.333333333333333,Champion
68,64,12,4034.66,3,5,5,4.333333333333333,Loyal
69,4,17,4346.04,5,5,5,5.0,Champion
70,24,9,3455.7200000000003,4,4,5,4.333333333333333,Champion
71,6,15,2490.0,5,5,4,4.666666666666667,Champion
72,15,19,6608.01,5,5,5,5.0,Champion
73,13,12,1853.3,5,5,4,4.666666666666667,Champion
74,9,15,4193.47,5,5,5,5.0,Champion
75,39,13,4492.34,4,5,5,4.666666666666667,Champion
76,48,12,1610.14,3,5,4,4.0,Loyal
77,18,20,4718.09,5,5,5,5.0,Champion
78,104,8,2080.04,3,4,4,3.6666666666666665,Loyal
79,28,19,4851.0,4,5,5,4.666666666666667,Champion
80,14,14,2526.54,5,5,4,4.666666666666667,Champion
81,130,9,2112.48,2,4,4,3.3333333333333335,At Risk
82,76,8,1128.74,3,4,3,3.3333333333333335,Loyal
83,3,18,4595.15,5,5,5,5.0,Champion
84,44,12,1664.66,4,5,4,4.333333333333333,Champion
85,15,5,645.82,5,3,2,3.3333333333333335,Loyal
86,15,10,2338.58,5,4,4,4.333333333333333,Champion
87,54,15,3618.74,3,5,5,4.333333333333333,Loyal
88,27,16,2990.06,4,5,5,4.666666666666667,Champion
89,7,14,2949.88,5,5,5,5.0,Champion
90,6,14,3511.86,5,5,5,5.0,Champion
91,30,17,1644.69,4,5,4,4.333333333333333,Champion
92,69,13,2811.96,3,5,5,4.333333333333333,Loyal
93,2,13,2518.7,5,5,4,4.666666666666667,Champion
94,200,17,4884.86,2,5,5,4.0,At Risk
95,18,8,1043.65,5,4,3,4.0,Loyal
96,90,12,1679.97,3,5,4,4.0,Loyal
97,14,13,3021.93,5,5,5,5.0,Champion
98,6,14,1736.32,5,5,4,4.666666666666667,Champion
99,52,11,2055.53,3,4,4,3.6666666666666665,Loyal
100,20,16,4673.93,4,5,5,4.666666666666667,Champion
101,146,12,4007.21,2,5,5,4.0,At Risk
102,34,10,2044.11,4,4,4,4.0,Champion
103,1,13,2336.5299999999997,5,5,4,4.666666666666667,Champion
104,15,13,3598.65,5,5,5,5.0,Champion
105,57,18,3516.06,3,5,5,4.333333333333333,Loyal
106,38,8,1227.79,4,4,3,3.6666666666666665,Loyal
107,36,10,2282.74,4,4,4,4.0,Champion
108,5,11,1487.26,5,4,3,4.0,Loyal
109,73,17,5128.4,3,5,5,4.333333333333333,Loyal
110,11,10,2438.64,5,4,4,4.333333333333333,Champion
111,111,8,1376.14,3,4,3,3.3333333333333335,Loyal
112,51,13,4324.96,3,5,5,4.333333333333333,Loyal
113,9,13,2320.31,5,5,4,4.666666666666667,Champion
114,3,11,3750.64,5,4,5,4.666666666666667,Champion
115,21,21,3094.1099999999997,4,5,5,4.666666666666667,Champion
116,73,10,2156.21,3,4,4,3.6666666666666665,Loyal
117,52,13,2728.17,3,5,5,4.333333333333333,Loyal
118,103,12,3431.29,3,5,5,4.333333333333333,Loyal
119,23,12,3852.2400000000002,4,5,5,4.666666666666667,Champion
120,23,10,3396.33,4,4,5,4.333333333333333,Champion
121,59,16,3421.67,3,5,5,4.333333333333333,Loyal
122,19,15,5505.03,5,5,5,5.0,Champion
123,5,13,3854.9700000000003,5,5,5,5.0,Champion
124,127,8,1464.15,2,4,3,3.0,At Risk
125,41,4,1348.6399999999999,4,2,3,3.0,Promising
126,178,16,3281.16,2,5,5,4.0,At Risk
127,321,9,1875.23,1,4,4,3.0,At Risk
128,20,17,4359.81,4,5,5,4.666666666666667,Champion
129,2,14,3134.96,5,5,5,5.0,Champion
130,130,11,2723.1400000000003,2,4,5,3.6666666666666665,At Risk
131,39,8,969.97,4,4,3,3.6666666666666665,Loyal
132,3,9,1585.83,5,4,3,4.0,Loyal
133,67,12,3075.46,3,5,5,4.333333333333333,Loyal
134,16,10,2571.16,5,4,4,4.333333333333333,Champion
135,14,17,2630.77,5,5,4,4.666666666666667,Champion
136,100,4,594.9100000000001,3,2,2,2.3333333333333335,Promising
137,24,20,5852.91,4,5,5,4.666666666666667,Champion
138,58,13,3376.59,3,5,5,4.333333333333333,Loyal
139,5,18,3163.36,5,5,5,5.0,Champion
140,46,11,4897.71,4,4,5,4.333333333333333,Champion
141,3,12,2584.56,5,5,4,4.666666666666667,Champion
142,63,11,3833.6,3,5,5,4.333333333333333,Loyal
143,60,8,1308.47,3,4,3,3.3333333333333335,Loyal
144,29,16,1889.32,4,5,4,4.333333333333333,Champion
145,4,15,1651.86,5,5,4,4.666666666666667,Champion
146,2,7,878.88,5,4,2,3.6666666666666665,Loyal
147,28,10,2682.56,4,4,5,4.333333333333333,Champion
148,18,12,3974.7700000000004,5,5,5,5.0,Champion
149,141,15,3542.27,2,5,5,4.0,At Risk
150,21,10,2636.23,4,4,5,4.333333333333333,Champion
151,59,6,1059.04,3,3,3,3.0,Loyal
152,78,10,3301.76,3,4,5,4.0,Loyal
153,27,14,3668.13,4,5,5,4.666666666666667,Champion
154,10,14,4107.62,5,5,5,5.0,Champion
155,28,12,3474.04,4,5,5,4.666666666666667,Champion
156,14,12,2165.54,5,5,4,4.666666666666667,Champion
157,22,9,2619.17,4,4,4,4.0,Champion
158,36,10,3581.86,4,4,5,4.333333333333333,Champion
159,4,8,1316.28,5,4,3,4.0,Loyal
160,147,12,3433.92,2,5,5,4.0,At Risk
161,67,8,4848.72,3,4,5,4.0,Loyal
162,37,9,2591.12,4,4,4,4.0,Champion
163,71,13,3963.21,3,5,5,4.333333333333333,Loyal
164,286,8,1672.03,1,4,4,3.0,At Risk
165,32,7,2402.5,4,4,4,4.0,Champion
166,26,7,1706.1899999999998,4,4,4,4.0,Champion
167,40,9,2245.58,4,4,4,4.0,Champion
168,80,15,3005.59,3,5,5,4.333333333333333,Loyal
169,49,10,2336.01,3,4,4,3.6666666666666665,Loyal
170,10,7,1206.1100000000001,5,4,3,4.0,Loyal
171,123,8,1120.25,2,4,3,3.0,At Risk
172,56,7,970.24,3,4,3,3.3333333333333335,Loyal
173,8,4,977.1800000000001,5,2,3,3.3333333333333335,Promising
174,6,11,2177.93,5,5,4,4.666666666666667,Champion
175,108,13,5876.98,3,5,5,4.333333333333333,Loyal
176,224,12,4111.7,2,5,5,4.0,At Risk
177,241,4,999.29,2,2,3,2.3333333333333335,Lost
178,65,6,1891.38,3,3,4,3.3333333333333335,Loyal
179,119,9,2402.18,2,4,4,3.3333333333333335,At Risk
180,154,17,2871.2,2,5,5,4.0,At Risk
181,109,10,2686.2,3,4,5,4.0,Loyal
182,31,11,2350.16,4,5,4,4.333333333333333,Champion
183,66,8,1878.99,3,4,4,3.6666666666666665,Loyal
184,31,11,3071.08,4,5,5,4.666666666666667,Champion
185,104,7,1207.13,3,4,3,3.3333333333333335,Loyal
186,178,7,2551.41,2,4,4,3.3333333333333335,At Risk
187,19,11,3283.9900000000002,5,5,5,5.0,Champion
188,16,6,557.3199999999999,5,3,2,3.3333333333333335,Loyal
189,73,7,1328.8,3,4,3,3.3333333333333335,Loyal
190,8,11,2485.7400000000002,5,5,4,4.666666666666667,Champion
191,10,12,2645.25,5,5,5,5.0,Champion
192,21,9,1426.21,4,4,3,3.6666666666666665,Loyal
193,113,7,1284.21,3,4,3,3.3333333333333335,Loyal
194,16,10,2906.39,5,4,5,4.666666666666667,Champion
195,6,9,2128.16,5,4,4,4.333333333333333,Champion
196,60,10,2201.8,3,4,4,3.6666666666666665,Loyal
197,18,8,2502.98,5,4,4,4.333333333333333,Champion
198,3,18,3331.23,5,5,5,5.0,Champion
199,67,10,1514.94,3,4,3,3.3333333333333335,Loyal
200,144,9,2025.9700000000003,2,4,4,3.3333333333333335,At Risk
201,61,7,1894.71,3,4,4,3.6666666666666665,Loyal
202,9,7,1867.8700000000001,5,4,4,4.333333333333333,Champion
203,187,5,951.21,2,3,3,2.6666666666666665,At Risk
204,74,4,1603.62,3,2,4,3.0,Promising
205,144,7,1659.3,2,4,4,3.3333333333333335,At Risk
206,18,11,2899.48,5,5,5,5.0,Champion
207,7,6,1026.06,5,3,3,3.6666666666666665,Loyal
208,22,8,4898.0199999999995,4,4,5,4.333333333333333,Champion
209,32,9,2342.4,4,4,4,4.0,Champion
210,34,11,2716.85,4,5,5,4.666666666666667,Champion
211,24,14,2684.61,4,5,5,4.666666666666667,Champion
212,57,11,2272.35,3,5,4,4.0,Loyal
213,647,3,413.62,1,2,2,1.6666666666666667,Lost
214,150,13,1568.95,2,5,3,3.3333333333333335,At Risk
215,25,11,2409.65,4,5,4,4.333333333333333,Champion
216,80,7,2555.62,3,4,4,3.6666666666666665,Loyal
217,47,5,1261.23,4,3,3,3.3333333333333335,Loyal
218,2,11,3644.58,5,5,5,5.0,Champion
219,20,10,1681.27,4,4,4,4.0,Champion
220,71,10,1430.79,3,4,3,3.3333333333333335,Loyal
221,11,7,1704.42,5,4,4,4.333333333333333,Champion
222,105,7,1674.2,3,4,4,3.6666666666666665,Loyal
223,65,5,419.32000000000005,3,3,2,2.6666666666666665,Loyal
224,33,10,2332.6,4,4,4,4.0,Champion
225,41,8,1851.4,4,4,4,4.0,Champion
226,188,8,2872.45,2,4,5,3.6666666666666665,At Risk
227,132,7,1156.49,2,4,3,3.0,At Risk
228,21,13,2493.87,4,5,4,4.333333333333333,Champion
229,160,6,908.4100000000001,2,3,3,2.6666666666666665,At Risk
230,10,6,1448.34,5,3,3,3.6666666666666665,Loyal
231,83,13,4284.25,3,5,5,4.333333333333333,Loyal
232,6,15,3274.85,5,5,5,5.0,Champion
233,24,7,1376.85,4,4,3,3.6666666666666665,Loyal
234,147,8,1734.6200000000001,2,4,4,3.3333333333333335,At Risk
235,122,14,3752.77,2,5,5,4.0,At Risk
236,412,5,2502.93,1,3,4,2.6666666666666665,At Risk
237,77,9,2721.7400000000002,3,4,5,4.0,Loyal
238,95,6,1196.04,3,3,3,3.0,Loyal
239,360,2,1047.06,1,1,3,1.6666666666666667,Lost
240,8,8,4058.43,5,4,5,4.666666666666667,Champion
241,86,7,1795.29,3,4,4,3.6666666666666665,Loyal
242,173,6,2079.98,2,3,4,3.0,At Risk
243,17,11,2512.67,5,5,4,4.666666666666667,Champion
244,190,11,2411.1699999999996,2,5,4,3.6666666666666665,At Risk
245,31,9,2327.5299999999997,4,4,4,4.0,Champion
246,67,8,1226.03,3,4,3,3.3333333333333335,Loyal
247,48,6,2501.83,3,3,4,3.3333333333333335,Loyal
248,5,12,2316.14,5,5,4,4.666666666666667,Champion
249,193,6,1058.78,2,3,3,2.6666666666666665,At Risk
250,23,11,2191.35,4,5,4,4.333333333333333,Champion
251,27,7,1077.97,4,4,3,3.6666666666666665,Loyal
252,35,10,1724.8799999999999,4,4,4,4.0,Champion
253,24,6,1994.52,4,3,4,3.6666666666666665,Loyal
254,92,7,3985.67,3,4,5,4.0,Loyal
255,15,8,2343.95,5,4,4,4.333333333333333,Champion
256,166,6,2023.1,2,3,4,3.0,At Risk
257,146,10,3214.4,2,4,5,3.6666666666666665,At Risk
258,63,7,1186.99,3,4,3,3.3333333333333335,Loyal
259,26,10,4971.39,4,4,5,4.333333333333333,Champion
260,22,6,1230.15,4,3,3,3.3333333333333335,Loyal
261,30,11,1783.66,4,5,4,4.333333333333333,Champion
262,104,10,3690.42,3,4,5,4.0,Loyal
263,334,3,483.5,1,2,2,1.6666666666666667,Lost
264,84,5,1616.61,3,3,4,3.3333333333333335,Loyal
265,149,5,599.47,2,3,2,2.3333333333333335,At Risk
266,21,10,1476.53,4,4,3,3.6666666666666665,Loyal
267,12,8,3177.37,5,4,5,4.666666666666667,Champion
268,2,10,1591.02,5,4,3,4.0,Loyal
269,325,8,2381.06,1,4,4,3.0,At Risk
270,2,11,2705.15,5,5,5,5.0,Champion
271,27,2,580.0699999999999,4,1,2,2.3333333333333335,Promising
272,470,2,727.47,1,1,2,1.3333333333333333,Lost
273,36,8,1981.24,4,4,4,4.0,Champion
274,126,7,2511.46,2,4,4,3.3333333333333335,At Risk
275,27,7,1621.48,4,4,4,4.0,Champion
276,37,9,1741.1399999999999,4,4,4,4.0,Champion
277,91,3,948.59,3,2,3,2.6666666666666665,Promising
278,23,9,2147.1099999999997,4,4,4,4.0,Champion
279,89,9,2353.64,3,4,4,3.6666666666666665,Loyal
280,144,7,1458.59,2,4,3,3.0,At Risk
281,38,3,850.24,4,2,2,2.6666666666666665,Promising
282,33,6,639.86,4,3,2,3.0,Loyal
283,104,3,760.66,3,2,2,2.3333333333333335,Promising
284,76,10,1693.6100000000001,3,4,4,3.6666666666666665,Loyal
285,4,13,2589.03,5,5,4,4.666666666666667,Champion
286,12,6,1279.8799999999999,5,3,3,3.6666666666666665,Loyal
287,3,6,982.82,5,3,3,3.6666666666666665,Loyal
288,11,11,1111.0,5,5,3,4.333333333333333,Loyal
289,264,7,1856.0900000000001,2,4,4,3.3333333333333335,At Risk
290,1,6,867.4,5,3,2,3.3333333333333335,Loyal
291,4,9,2814.41,5,4,5,4.666666666666667,Champion
292,35,8,915.75,4,4,3,3.6666666666666665,Loyal
293,101,5,1820.3700000000001,3,3,4,3.3333333333333335,Loyal
294,22,5,1271.7,4,3,3,3.3333333333333335,Loyal
295,235,9,2576.41,2,4,4,3.3333333333333335,At Risk
296,46,10,2357.33,4,4,4,4.0,Champion
297,22,3,1192.13,4,2,3,3.0,Promising
298,35,12,2169.88,4,5,4,4.333333333333333,Champion
299,33,12,3665.9500000000003,4,5,5,4.666666666666667,Champion
300,77,5,1854.0499999999997,3,3,4,3.3333333333333335,Loyal
301,42,8,2085.56,4,4,4,4.0,Champion
302,598,3,1552.53,1,2,3,2.0,Lost
303,22,5,3069.2200000000003,4,3,5,4.0,Loyal
304,89,5,1745.67,3,3,4,3.3333333333333335,Loyal
305,14,4,1345.71,5,2,3,3.3333333333333335,Promising
306,16,3,850.24,5,2,2,3.0,Promising
307,11,7,2444.97,5,4,4,4.333333333333333,Champion
308,94,6,2833.91,3,3,5,3.6666666666666665,Loyal
309,30,5,1154.5,4,3,3,3.3333333333333335,Loyal
310,37,9,2596.56,4,4,4,4.0,Champion
311,29,9,1264.6299999999999,4,4,3,3.6666666666666665,Loyal
312,152,8,1253.5,2,4,3,3.0,At Risk
313,8,12,2436.91,5,5,4,4.666666666666667,Champion
314,11,11,2881.52,5,5,5,5.0,Champion
315,39,4,602.9399999999999,4,2,2,2.6666666666666665,Promising
316,107,2,809.8100000000001,3,1,2,2.0,Promising
317,174,5,1135.43,2,3,3,2.6666666666666665,At Risk
318,22,8,1697.29,4,4,4,4.0,Champion
319,207,5,1181.69,2,3,3,2.6666666666666665,At Risk
320,141,7,1467.02,2,4,3,3.0,At Risk
321,160,6,3130.41,2,3,5,3.3333333333333335,At Risk
322,2,11,2737.6,5,5,5,5.0,Champion
323,83,8,3121.25,3,4,5,4.0,Loyal
324,4,5,1201.6,5,3,3,3.6666666666666665,Loyal
325,324,1,138.82,1,1,1,1.0,Lost
326,94,3,601.61,3,2,2,2.3333333333333335,Promising
327,137,5,883.98,2,3,2,2.3333333333333335,At Risk
328,2,6,3042.78,5,3,5,4.333333333333333,Loyal
329,41,5,919.23,4,3,3,3.3333333333333335,Loyal
330,199,7,2082.07,2,4,4,3.3333333333333335,At Risk
331,38,6,2678.17,4,3,5,4.0,Loyal
332,19,7,1104.76,5,4,3,4.0,Loyal
333,202,5,945.6600000000001,2,3,3,2.6666666666666665,At Risk
335,24,9,1808.94,4,4,4,4.0,Champion
336,323,3,574.08,1,2,2,1.6666666666666667,Lost
337,5,5,632.23,5,3,2,3.3333333333333335,Loyal
338,15,6,1439.34,5,3,3,3.6666666666666665,Loyal
339,204,5,966.67,2,3,3,2.6666666666666665,At Risk
340,52,6,799.26,3,3,2,2.6666666666666665,Loyal
341,14,10,2467.69,5,4,4,4.333333333333333,Champion
342,2,5,1165.8,5,3,3,3.6666666666666665,Loyal
343,59,4,1625.44,3,2,4,3.0,Promising
344,11,10,2638.66,5,4,5,4.666666666666667,Champion
345,17,2,261.45,5,1,1,2.3333333333333335,Promising
346,33,5,1135.6,4,3,3,3.3333333333333335,Loyal
347,73,4,1206.9699999999998,3,2,3,2.6666666666666665,Promising
348,31,8,1748.84,4,4,4,4.0,Champion
349,18,10,2154.9,5,4,4,4.333333333333333,Champion
350,394,4,927.02,1,2,3,2.0,Lost
351,241,5,874.5500000000001,2,3,2,2.3333333333333335,At Risk
352,112,4,885.98,3,2,2,2.3333333333333335,Promising
353,48,5,728.99,3,3,2,2.6666666666666665,Loyal
354,113,4,475.25,3,2,2,2.3333333333333335,Promising
355,449,2,1489.78,1,1,3,1.6666666666666667,Lost
356,206,3,901.64,2,2,3,2.3333333333333335,Lost
357,147,4,1090.54,2,2,3,2.3333333333333335,Lost
358,56,6,1205.55,3,3,3,3.0,Loyal
359,197,3,1252.56,2,2,3,2.3333333333333335,Lost
360,30,6,931.55,4,3,3,3.3333333333333335,Loyal
361,83,8,1763.53,3,4,4,3.6666666666666665,Loyal
362,171,4,2499.4,2,2,4,2.6666666666666665,Lost
363,130,5,2279.31,2,3,4,3.0,At Risk
364,214,8,827.88,2,4,2,2.6666666666666665,At Risk
365,12,4,1670.8899999999999,5,2,4,3.6666666666666665,Promising
366,72,5,1359.69,3,3,3,3.0,Loyal
367,80,5,828.3199999999999,3,3,2,2.6666666666666665,Loyal
368,208,5,1015.55,2,3,3,2.6666666666666665,At Risk
369,387,5,705.05,1,3,2,2.0,At Risk
370,8,9,2625.29,5,4,4,4.333333333333333,Champion
371,40,8,2212.61,4,4,4,4.0,Champion
372,160,2,365.64,2,1,1,1.3333333333333333,Lost
373,5,6,1374.07,5,3,3,3.6666666666666665,Loyal
374,134,6,2681.91,2,3,5,3.3333333333333335,At Risk
375,89,8,1906.65,3,4,4,3.6666666666666665,Loyal
376,292,2,1128.51,1,1,3,1.6666666666666667,Lost
377,35,3,934.72,4,2,3,3.0,Promising
378,59,9,1454.35,3,4,3,3.3333333333333335,Loyal
379,49,3,789.8,3,2,2,2.3333333333333335,Promising
380,56,6,1385.58,3,3,3,3.0,Loyal
381,5,6,962.5,5,3,3,3.6666666666666665,Loyal
382,351,3,1474.5,1,2,3,2.0,Lost
383,145,3,712.39,2,2,2,2.0,Lost
384,29,6,1061.68,4,3,3,3.3333333333333335,Loyal
385,18,5,496.2,5,3,2,3.3333333333333335,Loyal
386,299,3,709.87,1,2,2,1.6666666666666667,Lost
387,333,2,290.35,1,1,1,1.0,Lost
388,58,4,309.92999999999995,3,2,1,2.0,Promising
389,66,10,2185.12,3,4,4,3.6666666666666665,Loyal
390,135,2,281.28999999999996,2,1,1,1.3333333333333333,Lost
391,161,5,1002.9100000000001,2,3,3,2.6666666666666665,At Risk
392,4,6,4008.59,5,3,5,4.333333333333333,Loyal
393,244,4,465.61,2,2,2,2.0,Lost
394,43,6,891.12,4,3,2,3.0,Loyal
395,104,3,710.03,3,2,2,2.3333333333333335,Promising
396,10,4,1320.94,5,2,3,3.3333333333333335,Promising
397,434,1,373.94,1,1,1,1.0,Lost
398,2,6,1382.0099999999998,5,3,3,3.6666666666666665,Loyal
399,335,3,383.64,1,2,1,1.3333333333333333,Lost
400,3,2,273.59999999999997,5,1,1,2.3333333333333335,Promising
401,111,3,776.99,3,2,2,2.3333333333333335,Promising
402,199,6,2852.05,2,3,5,3.3333333333333335,At Risk
403,51,5,652.68,3,3,2,2.6666666666666665,Loyal
404,34,5,1309.96,4,3,3,3.3333333333333335,Loyal
405,84,4,896.8,3,2,3,2.6666666666666665,Promising
406,258,4,867.0899999999999,2,2,2,2.0,Lost
407,223,8,2124.05,2,4,4,3.3333333333333335,At Risk
408,51,5,1725.33,3,3,4,3.3333333333333335,Loyal
409,33,3,469.05,4,2,2,2.6666666666666665,Promising
410,189,7,1411.32,2,4,3,3.0,At Risk
411,233,4,1021.93,2,2,3,2.3333333333333335,Lost
412,34,5,1016.59,4,3,3,3.3333333333333335,Loyal
413,11,8,1156.96,5,4,3,4.0,Loyal
414,36,9,2192.92,4,4,4,4.0,Champion
415,54,7,1160.01,3,4,3,3.3333333333333335,Loyal
416,87,7,1643.74,3,4,4,3.6666666666666665,Loyal
417,365,6,749.86,1,3,2,2.0,At Risk
418,189,4,419.48,2,2,2,2.0,Lost
419,120,5,818.01,2,3,2,2.3333333333333335,At Risk
420,171,4,1011.95,2,3,3,2.6666666666666665,At Risk
421,111,6,2217.16,3,3,4,3.3333333333333335,Loyal
422,204,4,956.36,2,3,3,2.6666666666666665,At Risk
423,245,4,868.96,2,3,2,2.3333333333333335,At Risk
424,64,3,753.74,3,2,2,2.3333333333333335,Promising
425,190,2,943.44,2,1,3,2.0,Lost
426,225,5,809.0,2,3,2,2.3333333333333335,At Risk
427,318,3,1398.18,1,2,3,2.0,Lost
428,15,3,430.03,5,2,2,3.0,Promising
429,93,10,2732.2,3,4,5,4.0,Loyal
430,186,4,710.46,2,3,2,2.3333333333333335,At Risk
431,76,6,1224.81,3,3,3,3.0,Loyal
432,240,1,90.81,2,1,1,1.3333333333333333,Lost
433,501,4,538.19,1,3,2,2.0,At Risk
434,88,5,1784.81,3,3,4,3.3333333333333335,Loyal
435,5,8,835.84,5,4,2,3.6666666666666665,Loyal
436,185,4,959.16,2,3,3,2.6666666666666665,At Risk
437,186,4,1612.05,2,3,4,3.0,At Risk
438,125,3,713.48,2,2,2,2.0,Lost
439,142,3,1771.4699999999998,2,2,4,2.6666666666666665,Lost
440,121,9,3058.79,2,4,5,3.6666666666666665,At Risk
441,4,7,1615.11,5,4,4,4.333333333333333,Champion
442,132,1,923.24,2,1,3,2.0,Lost
443,15,7,1869.89,5,4,4,4.333333333333333,Champion
444,203,5,1504.7,2,3,3,2.6666666666666665,At Risk
445,201,3,418.58,2,2,2,2.0,Lost
446,600,2,219.87,1,1,1,1.0,Lost
447,339,4,888.01,1,3,2,2.0,At Risk
448,207,3,534.7099999999999,2,2,2,2.0,Lost
449,29,2,350.83,4,1,1,2.0,Promising
450,25,2,366.89,4,1,1,2.0,Promising
451,75,3,261.24,3,2,1,2.0,Promising
452,279,4,1902.63,1,3,4,2.6666666666666665,At Risk
453,68,2,356.39,3,1,1,1.6666666666666667,Promising
454,30,2,293.92,4,1,1,2.0,Promising
455,203,5,1323.29,2,3,3,2.6666666666666665,At Risk
456,92,6,2495.04,3,3,4,3.3333333333333335,Loyal
457,170,4,656.5,2,3,2,2.3333333333333335,At Risk
458,342,3,822.14,1,2,2,1.6666666666666667,Lost
459,267,3,236.45,1,2,1,1.3333333333333333,Lost
460,46,3,452.85,4,2,2,2.6666666666666665,Promising
461,679,1,98.66,1,1,1,1.0,Lost
462,139,5,478.22,2,3,2,2.3333333333333335,At Risk
463,20,6,2465.45,4,3,4,3.6666666666666665,Loyal
464,297,2,127.16,1,1,1,1.0,Lost
465,252,4,415.90999999999997,2,3,2,2.3333333333333335,At Risk
466,11,3,577.66,5,2,2,3.0,Promising
467,246,3,553.78,2,2,2,2.0,Lost
468,167,2,145.89,2,1,1,1.3333333333333333,Lost
469,19,4,442.32,5,3,2,3.3333333333333335,Loyal
470,18,3,200.04000000000002,5,2,1,2.6666666666666665,Promising
471,317,4,883.73,1,3,2,2.0,At Risk
472,15,4,727.35,5,3,2,3.3333333333333335,Loyal
473,1,4,814.04,5,3,2,3.3333333333333335,Loyal
474,381,1,141.09,1,1,1,1.0,Lost
475,28,4,1125.27,4,3,3,3.3333333333333335,Loyal
476,126,2,347.69,2,1,1,1.3333333333333333,Lost
477,41,3,793.79,4,2,2,2.6666666666666665,Promising
478,23,3,706.1500000000001,4,2,2,2.6666666666666665,Promising
479,188,2,523.89,2,1,2,1.6666666666666667,Lost
480,9,4,841.24,5,3,2,3.3333333333333335,Loyal
481,33,6,2858.96,4,3,5,4.0,Loyal
482,180,5,1603.04,2,3,4,3.0,At Risk
483,541,2,1408.04,1,1,3,1.6666666666666667,Lost
484,39,2,398.88,4,1,2,2.3333333333333335,Promising
485,533,1,71.51,1,1,1,1.0,Lost
486,169,5,1307.45,2,3,3,2.6666666666666665,At Risk
487,96,4,571.17,3,3,2,2.6666666666666665,Loyal
488,33,5,1478.15,4,3,3,3.3333333333333335,Loyal
489,120,1,194.44,2,1,1,1.3333333333333333,Lost
490,181,5,1615.57,2,3,4,3.0,At Risk
491,8,3,787.71,5,2,2,3.0,Promising
492,83,7,2900.59,3,4,5,4.0,Loyal
493,432,2,318.89,1,1,1,1.0,Lost
494,29,2,424.52,4,1,2,2.3333333333333335,Promising
495,36,6,2309.67,4,3,4,3.6666666666666665,Loyal
496,8,4,1007.99,5,3,3,3.6666666666666665,Loyal
497,316,2,213.17000000000002,1,1,1,1.0,Lost
498,386,3,361.78000000000003,1,2,1,1.3333333333333333,Lost
499,207,7,1937.58,2,4,4,3.3333333333333335,At Risk
500,11,4,560.88,5,3,2,3.3333333333333335,Loyal
501,32,4,903.9200000000001,4,3,3,3.3333333333333335,Loyal
502,185,4,565.74,2,3,2,2.3333333333333335,At Risk
503,307,6,1679.85,1,3,4,2.6666666666666665,At Risk
504,327,4,1436.9900000000002,1,3,3,2.3333333333333335,At Risk
505,565,1,260.83,1,1,1,1.0,Lost
506,446,2,1356.68,1,1,3,1.6666666666666667,Lost
507,238,2,514.9200000000001,2,1,2,1.6666666666666667,Lost
508,208,2,549.47,2,1,2,1.6666666666666667,Lost
509,88,8,2330.66,3,4,4,3.6666666666666665,Loyal
510,4,4,885.36,5,3,2,3.3333333333333335,Loyal
511,12,2,1112.82,5,1,3,3.0,Promising
512,289,5,744.01,1,3,2,2.0,At Risk
513,14,4,525.29,5,3,2,3.3333333333333335,Loyal
514,195,3,1135.59,2,2,3,2.3333333333333335,Lost
515,427,1,240.84,1,1,1,1.0,Lost
516,277,2,640.76,1,1,2,1.3333333333333333,Lost
517,349,1,85.76,1,1,1,1.0,Lost
518,70,3,422.44,3,2,2,2.3333333333333335,Promising
519,640,1,126.09,1,1,1,1.0,Lost
520,29,4,446.25,4,3,2,3.0,Loyal
521,54,2,528.25,3,1,2,2.0,Promising
522,692,1,115.17,1,1,1,1.0,Lost
523,89,7,1110.16,3,4,3,3.3333333333333335,Loyal
524,44,3,1791.3200000000002,4,2,4,3.3333333333333335,Promising
525,8,3,244.13,5,2,1,2.6666666666666665,Promising
526,101,3,1329.17,3,2,3,2.6666666666666665,Promising
527,292,4,1133.85,1,3,3,2.3333333333333335,At Risk
528,68,1,354.69,3,1,1,1.6666666666666667,Promising
529,265,8,2402.26,2,4,4,3.3333333333333335,At Risk
530,317,4,1401.02,1,3,3,2.3333333333333335,At Risk
531,30,2,938.82,4,1,3,2.6666666666666665,Promising
532,300,3,302.24,1,2,1,1.3333333333333333,Lost
533,30,5,2956.2,4,3,5,4.0,Loyal
534,49,2,153.12,3,1,1,1.6666666666666667,Promising
535,61,3,1016.25,3,2,3,2.6666666666666665,Promising
536,369,3,585.65,1,2,2,1.6666666666666667,Lost
537,19,3,1403.51,5,2,3,3.3333333333333335,Promising
538,62,5,663.3399999999999,3,3,2,2.6666666666666665,Loyal
539,132,2,384.03999999999996,2,1,2,1.6666666666666667,Lost
540,371,3,464.64,1,2,2,1.6666666666666667,Lost
541,83,5,2561.58,3,3,4,3.3333333333333335,Loyal
542,215,5,569.75,2,3,2,2.3333333333333335,At Risk
543,83,3,714.79,3,2,2,2.3333333333333335,Promising
544,127,1,124.42,2,1,1,1.3333333333333333,Lost
545,31,1,160.52,4,1,1,2.0,Promising
546,41,4,927.5500000000001,4,3,3,3.3333333333333335,Loyal
547,615,2,76.27000000000001,1,1,1,1.0,Lost
548,494,1,61.6,1,1,1,1.0,Lost
549,187,2,1368.94,2,1,3,2.0,Lost
550,216,4,982.1,2,3,3,2.6666666666666665,At Risk
551,150,1,204.21,2,1,1,1.3333333333333333,Lost
553,82,3,1782.29,3,2,4,3.0,Promising
555,29,3,387.57,4,2,2,2.6666666666666665,Promising
556,265,2,604.86,2,1,2,1.6666666666666667,Lost
557,365,2,845.28,1,1,2,1.3333333333333333,Lost
558,232,2,175.28,2,1,1,1.3333333333333333,Lost
559,107,4,1574.24,3,3,3,3.0,Loyal
560,17,5,996.97,5,3,3,3.6666666666666665,Loyal
561,82,2,545.16,3,1,2,2.0,Promising
562,21,7,1538.27,4,4,3,3.6666666666666665,Loyal
563,154,4,542.55,2,3,2,2.3333333333333335,At Risk
564,73,1,162.52,3,1,1,1.6666666666666667,Promising
565,494,3,326.64,1,2,1,1.3333333333333333,Lost
566,403,1,182.9,1,1,1,1.0,Lost
568,151,1,1249.35,2,1,3,2.0,Lost
569,339,3,702.05,1,2,2,1.6666666666666667,Lost
570,430,1,47.5,1,1,1,1.0,Lost
571,476,1,146.13,1,1,1,1.0,Lost
572,5,4,884.05,5,3,2,3.3333333333333335,Loyal
573,36,4,926.27,4,3,3,3.3333333333333335,Loyal
575,29,2,453.57,4,1,2,2.3333333333333335,Promising
577,364,2,391.83,1,1,2,1.3333333333333333,Lost
578,332,2,164.73,1,1,1,1.0,Lost
579,33,3,265.34000000000003,4,2,1,2.3333333333333335,Promising
580,370,1,301.92,1,1,1,1.0,Lost
581,224,3,948.24,2,2,3,2.3333333333333335,Lost
583,17,3,287.23,5,2,1,2.6666666666666665,Promising
584,296,5,1204.64,1,3,3,2.3333333333333335,At Risk
585,680,1,253.11,1,1,1,1.0,Lost
586,632,1,490.49,1,1,2,1.3333333333333333,Lost
587,338,5,1860.0800000000002,1,3,4,2.6666666666666665,At Risk
591,226,3,875.21,2,2,2,2.0,Lost
592,598,1,1830.76,1,1,4,2.0,Lost
593,116,1,111.28,2,1,1,1.3333333333333333,Lost
594,31,2,477.23,4,1,2,2.3333333333333335,Promising
595,79,2,168.54,3,1,1,1.6666666666666667,Promising
596,17,6,806.8199999999999,5,3,2,3.3333333333333335,Loyal
597,620,1,158.54,1,1,1,1.0,Lost
598,177,2,513.01,2,1,2,1.6666666666666667,Lost
599,16,2,463.64,5,1,2,2.6666666666666665,Promising
600,4,5,1223.0,5,3,3,3.6666666666666665,Loyal
601,3,4,573.89,5,3,2,3.3333333333333335,Loyal
602,460,1,301.74,1,1,1,1.0,Lost
603,367,2,367.56,1,1,1,1.0,Lost
604,1,2,369.84000000000003,5,1,1,2.3333333333333335,Promising
605,84,1,878.74,3,1,2,2.0,Promising
606,396,3,1017.24,1,2,3,2.0,Lost
607,633,1,88.91,1,1,1,1.0,Lost
608,2,5,687.52,5,3,2,3.3333333333333335,Loyal
609,502,2,201.92000000000002,1,1,1,1.0,Lost
610,453,2,228.08,1,1,1,1.0,Lost
611,82,3,212.49,3,2,1,2.0,Promising
612,77,3,309.56,3,2,1,2.0,Promising
613,544,1,290.57,1,1,1,1.0,Lost
614,428,1,324.84,1,1,1,1.0,Lost
615,549,4,459.25,1,3,2,2.0,At Risk
616,323,2,533.3499999999999,1,1,2,1.3333333333333333,Lost
617,147,2,336.96000000000004,2,1,1,1.3333333333333333,Lost
618,311,1,65.22,1,1,1,1.0,Lost
619,140,2,262.92,2,1,1,1.3333333333333333,Lost
620,6,5,1502.6799999999998,5,3,3,3.6666666666666665,Loyal
622,42,3,540.44,4,2,2,2.6666666666666665,Promising
623,46,3,878.55,4,2,2,2.6666666666666665,Promising
625,2,4,1559.41,5,3,3,3.6666666666666665,Loyal
626,22,3,282.71999999999997,4,2,1,2.3333333333333335,Promising
627,85,5,835.45,3,3,2,2.6666666666666665,Loyal
628,318,1,46.78,1,1,1,1.0,Lost
630,399,3,954.0,1,2,3,2.0,Lost
631,344,1,51.33,1,1,1,1.0,Lost
632,211,2,1102.1,2,1,3,2.0,Lost
633,318,3,989.88,1,2,3,2.0,Lost
634,216,6,850.31,2,4,2,2.6666666666666665,At Risk
637,204,4,470.71,2,3,2,2.3333333333333335,At Risk
638,81,2,933.9200000000001,3,1,3,2.3333333333333335,Promising
639,146,2,93.38,2,1,1,1.3333333333333333,Lost
640,186,4,463.71,2,3,2,2.3333333333333335,At Risk
641,192,2,135.26999999999998,2,1,1,1.3333333333333333,Lost
643,40,2,464.84,4,2,2,2.6666666666666665,Promising
644,150,2,538.99,2,2,2,2.0,Lost
645,58,1,87.99,3,1,1,1.6666666666666667,Promising
646,292,2,463.29,1,2,2,1.6666666666666667,Lost
647,166,2,195.37,2,2,1,1.6666666666666667,Lost
648,27,5,928.79,4,3,3,3.3333333333333335,Loyal
649,106,3,822.47,3,2,2,2.3333333333333335,Promising
650,1,5,2515.35,5,3,4,4.0,Loyal
651,192,1,343.12,2,1,1,1.3333333333333333,Lost
652,516,2,513.51,1,2,2,1.6666666666666667,Lost
653,423,1,371.51,1,1,1,1.0,Lost
654,17,2,239.35,5,2,1,2.6666666666666665,Promising
655,14,2,204.4,5,2,1,2.6666666666666665,Promising
656,412,2,607.5699999999999,1,2,2,1.6666666666666667,Lost
657,319,1,742.86,1,1,2,1.3333333333333333,Lost
658,171,2,560.46,2,2,2,2.0,Lost
659,27,3,609.37,4,2,2,2.6666666666666665,Promising
660,36,1,346.84,4,1,1,2.0,Promising
661,34,3,470.12,4,2,2,2.6666666666666665,Promising
662,76,2,651.02,3,2,2,2.3333333333333335,Promising
663,77,2,219.11,3,2,1,2.0,Promising
664,141,2,202.79999999999998,2,2,1,1.6666666666666667,Lost
665,185,1,50.25,2,1,1,1.3333333333333333,Lost
666,148,5,983.88,2,3,3,2.6666666666666665,At Risk
667,210,2,215.88,2,2,1,1.6666666666666667,Lost
669,581,1,171.06,1,1,1,1.0,Lost
671,83,1,111.42,3,1,1,1.6666666666666667,Promising
672,434,1,178.92,1,1,1,1.0,Lost
673,388,1,39.81,1,1,1,1.0,Lost
674,434,1,119.76,1,1,1,1.0,Lost
675,75,3,1089.04,3,2,3,2.6666666666666665,Promising
676,153,3,1496.81,2,2,3,2.3333333333333335,Lost
677,404,1,190.61,1,1,1,1.0,Lost
678,464,2,309.63,1,2,1,1.3333333333333333,Lost
679,208,3,965.1800000000001,2,2,3,2.3333333333333335,Lost
680,267,3,340.28,1,2,1,1.3333333333333333,Lost
681,201,5,1213.6899999999998,2,3,3,2.6666666666666665,At Risk
682,290,1,1861.28,1,1,4,2.0,Lost
683,344,3,704.96,1,2,2,1.6666666666666667,Lost
684,120,1,147.34,2,1,1,1.3333333333333333,Lost
685,77,2,166.79000000000002,3,2,1,2.0,Promising
686,619,2,318.54,1,2,1,1.3333333333333333,Lost
687,397,3,660.6700000000001,1,2,2,1.6666666666666667,Lost
688,175,1,172.06,2,1,1,1.3333333333333333,Lost
689,685,1,287.44,1,1,1,1.0,Lost
690,128,5,1210.26,2,3,3,2.6666666666666665,At Risk
691,67,4,711.4300000000001,3,3,2,2.6666666666666665,Loyal
693,9,2,358.15,5,2,1,2.6666666666666665,Promising
694,292,3,981.52,1,2,3,2.0,Lost
695,618,2,378.81,1,2,1,1.3333333333333333,Lost
696,198,1,93.93,2,1,1,1.3333333333333333,Lost
697,473,3,474.32,1,2,2,1.6666666666666667,Lost
698,110,4,210.44,3,3,1,2.3333333333333335,Loyal
699,63,8,1205.81,3,4,3,3.3333333333333335,Loyal
700,393,1,170.68,1,1,1,1.0,Lost
701,238,1,187.24,2,1,1,1.3333333333333333,Lost
702,393,3,780.21,1,2,2,1.6666666666666667,Lost
703,685,1,311.44,1,1,1,1.0,Lost
704,155,2,146.85,2,2,1,1.6666666666666667,Lost
705,214,2,377.96000000000004,2,2,1,1.6666666666666667,Lost
706,602,1,336.68,1,1,1,1.0,Lost
708,488,3,1462.24,1,2,3,2.0,Lost
709,477,2,281.28999999999996,1,2,1,1.3333333333333333,Lost
710,307,1,470.29,1,1,2,1.3333333333333333,Lost
711,298,1,98.74,1,1,1,1.0,Lost
712,129,1,149.06,2,1,1,1.3333333333333333,Lost
713,330,2,492.21000000000004,1,2,2,1.6666666666666667,Lost
714,459,1,80.26,1,1,1,1.0,Lost
715,206,2,1170.9099999999999,2,2,3,2.3333333333333335,Lost
716,15,4,1632.7,5,3,4,4.0,Loyal
717,463,2,719.5799999999999,1,2,2,1.6666666666666667,Lost
718,386,1,771.9,1,1,2,1.3333333333333333,Lost
719,67,3,597.38,3,2,2,2.3333333333333335,Promising
720,206,2,505.73,2,2,2,2.0,Lost
721,82,3,374.78999999999996,3,2,1,2.0,Promising
724,288,2,497.44,1,2,2,1.6666666666666667,Lost
725,280,1,118.52,1,1,1,1.0,Lost
726,31,2,343.71000000000004,4,2,1,2.3333333333333335,Promising
727,255,1,66.82,2,1,1,1.3333333333333333,Lost
729,376,2,286.96999999999997,1,2,1,1.3333333333333333,Lost
730,544,1,539.97,1,1,2,1.3333333333333333,Lost
731,228,1,478.43,2,1,2,1.6666666666666667,Lost
732,5,2,434.03,5,2,2,3.0,Promising
733,103,7,1138.51,3,4,3,3.3333333333333335,Loyal
737,642,1,31.31,1,1,1,1.0,Lost
738,553,1,119.59,1,1,1,1.0,Lost
740,486,1,77.81,1,1,1,1.0,Lost
741,335,4,606.85,1,3,2,2.0,At Risk
742,81,2,344.73,3,2,1,2.0,Promising
743,372,1,39.0,1,1,1,1.0,Lost
744,447,1,223.48,1,1,1,1.0,Lost
745,481,2,137.72,1,2,1,1.3333333333333333,Lost
746,244,1,42.12,2,1,1,1.3333333333333333,Lost
749,311,1,123.38,1,1,1,1.0,Lost
750,375,1,100.37,1,1,1,1.0,Lost
751,186,4,1088.0900000000001,2,3,3,2.6666666666666665,At Risk
752,309,2,222.64,1,2,1,1.3333333333333333,Lost
753,622,1,312.39,1,1,1,1.0,Lost
754,40,2,639.1,4,2,2,2.6666666666666665,Promising
755,266,3,779.9200000000001,1,2,2,1.6666666666666667,Lost
756,73,1,256.9,3,1,1,1.6666666666666667,Promising
759,508,1,286.97,1,1,1,1.0,Lost
761,573,2,166.26,1,2,1,1.3333333333333333,Lost
763,300,2,104.89,1,2,1,1.3333333333333333,Lost
764,405,2,249.60999999999999,1,2,1,1.3333333333333333,Lost
765,275,2,1007.53,1,2,3,2.0,Lost
767,480,1,572.64,1,1,2,1.3333333333333333,Lost
768,6,2,161.23000000000002,5,2,1,2.6666666666666665,Promising
769,407,1,39.78,1,1,1,1.0,Lost
770,363,2,227.2,1,2,1,1.3333333333333333,Lost
771,544,1,192.46,1,1,1,1.0,Lost
772,503,3,581.71,1,2,2,1.6666666666666667,Lost
773,552,2,623.51,1,2,2,1.6666666666666667,Lost
775,77,1,269.34,3,1,1,1.6666666666666667,Promising
777,53,1,169.36,3,1,1,1.6666666666666667,Promising
779,185,1,191.09,2,1,1,1.3333333333333333,Lost
780,624,1,671.38,1,1,2,1.3333333333333333,Lost
781,27,2,342.28,4,2,1,2.3333333333333335,Promising
783,63,4,743.54,3,3,2,2.6666666666666665,Loyal
784,391,1,134.43,1,1,1,1.0,Lost
785,314,1,284.46,1,1,1,1.0,Lost
786,111,1,254.98,3,1,1,1.6666666666666667,Promising
787,174,2,1176.19,2,2,3,2.3333333333333335,Lost
788,107,3,2258.03,3,2,4,3.0,Promising
789,10,2,221.36,5,2,1,2.6666666666666665,Promising
790,596,1,32.8,1,1,1,1.0,Lost
791,186,1,153.53,2,1,1,1.3333333333333333,Lost
792,383,2,347.39,1,2,1,1.3333333333333333,Lost
794,550,1,235.5,1,1,1,1.0,Lost
796,118,1,154.58,2,1,1,1.3333333333333333,Lost
798,465,1,43.2,1,1,1,1.0,Lost
799,445,2,787.86,1,2,2,1.6666666666666667,Lost
